dataset_id	id	acceptedNameUsage	acceptedNameUsageID	accessRights	aphiaid	areas	associatedMedia	associatedOccurrences	associatedOrganisms	associatedReferences	associatedSequences	associatedTaxa	basisOfRecord	bathymetry	bed	behavior	bibliographicCitation	brackish	caste	catalogNumber	class	classid	collectionCode	collectionID	continent	coordinatePrecision	coordinateUncertaintyInMeters	country	countryCode	county	cultivarEpithet	dataGeneralizations	datasetID	datasetName	dateIdentified	date_end	date_mid	date_start	date_year	day	decimalLatitude	decimalLongitude	degreeOfEstablishment	depth	disposition	division	divisionid	domain	domainid	dynamicProperties	earliestAgeOrLowestStage	earliestEonOrLowestEonothem	earliestEpochOrLowestSeries	earliestEraOrLowestErathem	earliestPeriodOrLowestSystem	endDayOfYear	establishmentMeans	eventDate	eventID	eventRemarks	eventTime	eventType	family	familyid	fieldNotes	fieldNumber	footprintSRS	footprintSpatialFit	footprintWKT	forma	formaid	formation	genericName	genus	genusid	geodeticDatum	geologicalContextID	georeferenceProtocol	georeferenceRemarks	georeferenceSources	georeferenceVerificationStatus	georeferencedBy	georeferencedDate	gigaclass	gigaclassid	group	hab	habitat	higherClassification	higherGeography	higherGeographyID	highestBiostratigraphicZone	identificationID	identificationQualifier	identificationReferences	identificationRemarks	identificationVerificationStatus	identifiedBy	identifiedByID	individualCount	informationWithheld	infraclass	infraclassid	infragenericEpithet	infrakingdom	infrakingdomid	infraorder	infraorderid	infraphylum	infraphylumid	infraspecificEpithet	institutionCode	institutionID	island	islandGroup	kingdom	kingdomid	language	latestAgeOrHighestStage	latestEonOrHighestEonothem	latestEpochOrHighestSeries	latestEraOrHighestErathem	latestPeriodOrHighestSystem	license	lifeStage	lithostratigraphicTerms	locality	locationAccordingTo	locationID	locationRemarks	lowestBiostratigraphicZone	marine	materialEntityID	materialEntityRemarks	materialSampleID	maximumDepthInMeters	maximumDistanceAboveSurfaceInMeters	maximumElevationInMeters	megaclass	megaclassid	member	minimumDepthInMeters	minimumDistanceAboveSurfaceInMeters	minimumElevationInMeters	modified	month	municipality	nameAccordingTo	nameAccordingToID	namePublishedIn	namePublishedInID	namePublishedInYear	nomenclaturalCode	nomenclaturalStatus	occurrenceID	occurrenceRemarks	occurrenceStatus	order	orderid	organismID	organismName	organismQuantity	organismQuantityType	organismRemarks	organismScope	originalNameUsage	originalNameUsageID	otherCatalogNumbers	ownerInstitutionCode	parentEventID	parentNameUsage	parentNameUsageID	parvorder	parvorderid	parvphylum	parvphylumid	pathway	phylum	phylum_division	phylum_divisionid	phylumid	pointRadiusSpatialFit	preparations	previousIdentifications	recordNumber	recordedBy	recordedByID	redlist_category	references	reproductiveCondition	rightsHolder	sampleSizeUnit	sampleSizeValue	samplingEffort	samplingProtocol	scientificName	scientificNameAuthorship	scientificNameID	section	sectionid	sex	shoredistance	species	speciesid	specificEpithet	sss	sst	startDayOfYear	stateProvince	subclass	subclassid	subdivision	subdivisionid	subfamily	subfamilyid	subforma	subformaid	subgenus	subgenusid	subkingdom	subkingdomid	suborder	suborderid	subphylum	subphylum_subdivision	subphylum_subdivisionid	subphylumid	subsection	subsectionid	subspecies	subspeciesid	subterclass	subterclassid	subtribe	subtribeid	subvariety	subvarietyid	superclass	superclassid	superdomain	superdomainid	superfamily	superfamilyid	superorder	superorderid	supertribe	supertribeid	taxonConceptID	taxonID	taxonRank	taxonRemarks	taxonomicStatus	tribe	tribeid	type	typeStatus	unaccepted	variety	varietyid	verbatimCoordinateSystem	verbatimCoordinates	verbatimDepth	verbatimElevation	verbatimEventDate	verbatimIdentification	verbatimLabel	verbatimLatitude	verbatimLocality	verbatimLongitude	verbatimSRS	verbatimTaxonRank	vernacularName	verticalDatum	vitality	waterBody	wrims	year	originalScientificName	flags	dropped	absence
a4bb1978-5aa4-4fd2-b8f3-ffc19b6467dc	52ce3a38-2ac4-4ae3-9826-acc1dab4bbf8				137081	[243, 40026, 34280]				"[{""crossref"":{""citeinfo"":{""origin"":""Halpin, P.N., A.J. Read, E. Fujioka, B.D. Best, B. Donnelly, L.J. Hazen, C. Kot, K. Urian, E. LaBrecque, A. Dimatteo, J. Cleary, C. Good, L.B. Crowder, and K.D. Hyrenbach"",""pubdate"":""2009"",""title_html"":""OBIS-SEAMAP: The world data center for marine mammal, sea bird, and sea turtle distributions"",""title"":""OBIS-SEAMAP: The world data center for marine mammal, sea bird, and sea turtle distributions"",""serinfo"":{""sername"":""Oceanography"",""issue"":""22(2):104-115""},""onlink"":""http:\/\/www.tos.org\/oceanography\/article\/obis-seamap-the-world-data-center-for-marine-mammal-sea-bird-and-sea-turtle""}}}]"			HumanObservation	229.0			"[{""crossref"":{""citeinfo"":{""origin"":""Halpin, P.N., A.J. Read, E. Fujioka, B.D. Best, B. Donnelly, L.J. Hazen, C. Kot, K. Urian, E. LaBrecque, A. Dimatteo, J. Cleary, C. Good, L.B. Crowder, and K.D. Hyrenbach"",""pubdate"":""2009"",""title_html"":""OBIS-SEAMAP: The world data center for marine mammal, sea bird, and sea turtle distributions"",""title"":""OBIS-SEAMAP: The world data center for marine mammal, sea bird, and sea turtle distributions"",""serinfo"":{""sername"":""Oceanography"",""issue"":""22(2):104-115""},""onlink"":""http:\/\/www.tos.org\/oceanography\/article\/obis-seamap-the-world-data-center-for-marine-mammal-sea-bird-and-sea-turtle""}}}]Halpin, P.N., A.J. Read, E. Fujioka, B.D. Best, B. Donnelly, L.J. Hazen, C. Kot, K. Urian, E. LaBrecque, A. Dimatteo, J. Cleary, C. Good, L.B. Crowder, and K.D. Hyrenbach. 2009. OBIS-SEAMAP: The world data center for marine mammal, sea bird, and sea turtle distributions. Oceanography 22(2):104-115"			1158_4654	Mammalia	1837	1158			1e-05	1.11						1158	Visual sightings from Song of the Whale 1993-2013	2007-07-23T11:36:58	1185148800000	1185148800000	1185148800000	2007	23	36.1795	30.43425																2007-07-23T11:36:58			11:36:58Z		Phocidae	136976					POINT(30.43425 36.1795)					Monachus	137009	EPSG:4326							2007-07-23T11:36:58													Identification Type:Visual sighting				1							Pinnipedia	148736	Gnathostomata	1828		International Fund for Animal Welfare, Song of the Whale Team				Animalia	2							http://creativecommons.org/licenses/by-nc/4.0/								true							Tetrapoda	1831					2014-05-01 09:00:22	7							WoRMS LSID		1158_4654	Visual; boat	present	Carnivora	2687										International Fund for Animal Welfare, Song of the Whale Team									Chordata			1821				1158_4654			VU			International Fund for Animal Welfare, Song of the Whale Team					Monachus monachus	(Hermann, 1779)	urn:lsid:marinespecies.org:taxname:137081				935.0	Monachus monachus	137081	monachus	39.24	22.44			Theria	380416											Caniformia	254957	Vertebrata			146419																							Species	"Taxon recorded as ""Monk seal"" by the provider"	valid			Event									2007-07-23 11:36:58								Mediterranean monk seal			North Atlantic Ocean,Mediterranean Sea		2007	Monachus monachus	[NO_DEPTH]	false	false
cd37f699-ba10-4212-8870-f5adc22c413e	6f4a7dbe-f75b-43b6-a94b-0928007732d5				137081	[243, 34280]				"[{""crossref"":{""citeinfo"":{""origin"":""Halpin, P.N., A.J. Read, E. Fujioka, B.D. Best, B. Donnelly, L.J. Hazen, C. Kot, K. Urian, E. LaBrecque, A. Dimatteo, J. Cleary, C. Good, L.B. Crowder, and K.D. Hyrenbach"",""pubdate"":""2009"",""title"":""OBIS-SEAMAP: The world data center for marine mammal, sea bird, and sea turtle distributions"",""onlink"":""http:\/\/www.tos.org\/oceanography\/article\/obis-seamap-the-world-data-center-for-marine-mammal-sea-bird-and-sea-turtle"",""serinfo"":{""sername"":""Oceanography"",""issue"":""22(2):104-115""}}}}]"			HumanObservation	-16.0			"[{""crossref"":{""citeinfo"":{""origin"":""Halpin, P.N., A.J. Read, E. Fujioka, B.D. Best, B. Donnelly, L.J. Hazen, C. Kot, K. Urian, E. LaBrecque, A. Dimatteo, J. Cleary, C. Good, L.B. Crowder, and K.D. Hyrenbach"",""pubdate"":""2009"",""title"":""OBIS-SEAMAP: The world data center for marine mammal, sea bird, and sea turtle distributions"",""onlink"":""http:\/\/www.tos.org\/oceanography\/article\/obis-seamap-the-world-data-center-for-marine-mammal-sea-bird-and-sea-turtle"",""serinfo"":{""sername"":""Oceanography"",""issue"":""22(2):104-115""}}}}]Halpin, P.N., A.J. Read, E. Fujioka, B.D. Best, B. Donnelly, L.J. Hazen, C. Kot, K. Urian, E. LaBrecque, A. Dimatteo, J. Cleary, C. Good, L.B. Crowder, and K.D. Hyrenbach. 2009. OBIS-SEAMAP: The world data center for marine mammal, sea bird, and sea turtle distributions. Oceanography 22(2):104-115"			1371_6	Mammalia	1837	1371			1e-06							1371	Marine mammal land surveys of 2015	2015-08-11	1439251200000	1439251200000	1439251200000	2015	11	36.84515	30.760602																2015-08-11					Phocidae	136976					POINT(30.760602 36.84515)					Monachus	137009	EPSG:4326							2015-08-11													Identification Type:Visual sighting				1							Pinnipedia	148736	Gnathostomata	1828		DMAD				Animalia	2							http://creativecommons.org/licenses/by-nc/4.0/								true							Tetrapoda	1831					2016-04-22 09:49:54	8							WoRMS LSID		1371_6	Visual; shore	present	Carnivora	2687										DMAD									Chordata			1821				1371_6			VU			DMAD					Monachus monachus	(Hermann, 1779)	urn:lsid:marinespecies.org:taxname:137081				60.0	Monachus monachus	137081	monachus	39.21	22.59			Theria	380416											Caniformia	254957	Vertebrata			146419																							Species	"Taxon recorded as ""Mediterranean Monk Seal"" by the provider"	valid			Event									2015-08-11 00:00:00								Mediterranean monk seal			Mediterranean		2015	Monachus monachus	[NO_DEPTH]	false	false
cd37f699-ba10-4212-8870-f5adc22c413e	9fa5dc24-65dc-442a-b257-ad6e4369f3fd				137081	[243, 40026, 34280]				"[{""crossref"":{""citeinfo"":{""origin"":""Halpin, P.N., A.J. Read, E. Fujioka, B.D. Best, B. Donnelly, L.J. Hazen, C. Kot, K. Urian, E. LaBrecque, A. Dimatteo, J. Cleary, C. Good, L.B. Crowder, and K.D. Hyrenbach"",""pubdate"":""2009"",""title"":""OBIS-SEAMAP: The world data center for marine mammal, sea bird, and sea turtle distributions"",""onlink"":""http:\/\/www.tos.org\/oceanography\/article\/obis-seamap-the-world-data-center-for-marine-mammal-sea-bird-and-sea-turtle"",""serinfo"":{""sername"":""Oceanography"",""issue"":""22(2):104-115""}}}}]"			HumanObservation	-15.0			"[{""crossref"":{""citeinfo"":{""origin"":""Halpin, P.N., A.J. Read, E. Fujioka, B.D. Best, B. Donnelly, L.J. Hazen, C. Kot, K. Urian, E. LaBrecque, A. Dimatteo, J. Cleary, C. Good, L.B. Crowder, and K.D. Hyrenbach"",""pubdate"":""2009"",""title"":""OBIS-SEAMAP: The world data center for marine mammal, sea bird, and sea turtle distributions"",""onlink"":""http:\/\/www.tos.org\/oceanography\/article\/obis-seamap-the-world-data-center-for-marine-mammal-sea-bird-and-sea-turtle"",""serinfo"":{""sername"":""Oceanography"",""issue"":""22(2):104-115""}}}}]Halpin, P.N., A.J. Read, E. Fujioka, B.D. Best, B. Donnelly, L.J. Hazen, C. Kot, K. Urian, E. LaBrecque, A. Dimatteo, J. Cleary, C. Good, L.B. Crowder, and K.D. Hyrenbach. 2009. OBIS-SEAMAP: The world data center for marine mammal, sea bird, and sea turtle distributions. Oceanography 22(2):104-115"			1371_11	Mammalia	1837	1371			1e-06							1371	Marine mammal land surveys of 2015	2015-09-17	1442448000000	1442448000000	1442448000000	2015	17	36.865397	30.715356																2015-09-17					Phocidae	136976					POINT(30.715356 36.865397)					Monachus	137009	EPSG:4326							2015-09-17													Identification Type:Visual sighting				1							Pinnipedia	148736	Gnathostomata	1828		DMAD				Animalia	2							http://creativecommons.org/licenses/by-nc/4.0/								true							Tetrapoda	1831					2016-04-22 09:49:54	9							WoRMS LSID		1371_11	Visual; shore	present	Carnivora	2687										DMAD									Chordata			1821				1371_11			VU			DMAD					Monachus monachus	(Hermann, 1779)	urn:lsid:marinespecies.org:taxname:137081				397.0	Monachus monachus	137081	monachus	39.21	22.57			Theria	380416											Caniformia	254957	Vertebrata			146419																							Species	"Taxon recorded as ""Mediterranean Monk Seal"" by the provider"	valid			Event									2015-09-17 00:00:00								Mediterranean monk seal			Mediterranean		2015	Monachus monachus	[NO_DEPTH]	false	false
cd37f699-ba10-4212-8870-f5adc22c413e	55d4acfc-514c-4885-91ea-d79ce6f5f608				137081	[243, 34280]				"[{""crossref"":{""citeinfo"":{""origin"":""Halpin, P.N., A.J. Read, E. Fujioka, B.D. Best, B. Donnelly, L.J. Hazen, C. Kot, K. Urian, E. LaBrecque, A. Dimatteo, J. Cleary, C. Good, L.B. Crowder, and K.D. Hyrenbach"",""pubdate"":""2009"",""title"":""OBIS-SEAMAP: The world data center for marine mammal, sea bird, and sea turtle distributions"",""onlink"":""http:\/\/www.tos.org\/oceanography\/article\/obis-seamap-the-world-data-center-for-marine-mammal-sea-bird-and-sea-turtle"",""serinfo"":{""sername"":""Oceanography"",""issue"":""22(2):104-115""}}}}]"			HumanObservation	-16.0			"[{""crossref"":{""citeinfo"":{""origin"":""Halpin, P.N., A.J. Read, E. Fujioka, B.D. Best, B. Donnelly, L.J. Hazen, C. Kot, K. Urian, E. LaBrecque, A. Dimatteo, J. Cleary, C. Good, L.B. Crowder, and K.D. Hyrenbach"",""pubdate"":""2009"",""title"":""OBIS-SEAMAP: The world data center for marine mammal, sea bird, and sea turtle distributions"",""onlink"":""http:\/\/www.tos.org\/oceanography\/article\/obis-seamap-the-world-data-center-for-marine-mammal-sea-bird-and-sea-turtle"",""serinfo"":{""sername"":""Oceanography"",""issue"":""22(2):104-115""}}}}]Halpin, P.N., A.J. Read, E. Fujioka, B.D. Best, B. Donnelly, L.J. Hazen, C. Kot, K. Urian, E. LaBrecque, A. Dimatteo, J. Cleary, C. Good, L.B. Crowder, and K.D. Hyrenbach. 2009. OBIS-SEAMAP: The world data center for marine mammal, sea bird, and sea turtle distributions. Oceanography 22(2):104-115"			1371_7	Mammalia	1837	1371			1e-06							1371	Marine mammal land surveys of 2015	2015-08-28	1440720000000	1440720000000	1440720000000	2015	28	36.845941	30.76309																2015-08-28					Phocidae	136976					POINT(30.76309 36.845941)					Monachus	137009	EPSG:4326							2015-08-28													Identification Type:Visual sighting				2							Pinnipedia	148736	Gnathostomata	1828		DMAD				Animalia	2							http://creativecommons.org/licenses/by-nc/4.0/								true							Tetrapoda	1831					2016-04-22 09:49:54	8							WoRMS LSID		1371_7	Visual; shore	present	Carnivora	2687										DMAD									Chordata			1821				1371_7			VU			DMAD					Monachus monachus	(Hermann, 1779)	urn:lsid:marinespecies.org:taxname:137081				123.0	Monachus monachus	137081	monachus	39.21	22.59			Theria	380416											Caniformia	254957	Vertebrata			146419																							Species	"Taxon recorded as ""Mediterranean Monk Seal"" by the provider"	valid			Event									2015-08-28 00:00:00								Mediterranean monk seal			Mediterranean		2015	Monachus monachus	[NO_DEPTH]	false	false
cd37f699-ba10-4212-8870-f5adc22c413e	9190e30f-c35a-459a-a14e-b067d6764409				137081	[243, 34280]				"[{""crossref"":{""citeinfo"":{""origin"":""Halpin, P.N., A.J. Read, E. Fujioka, B.D. Best, B. Donnelly, L.J. Hazen, C. Kot, K. Urian, E. LaBrecque, A. Dimatteo, J. Cleary, C. Good, L.B. Crowder, and K.D. Hyrenbach"",""pubdate"":""2009"",""title"":""OBIS-SEAMAP: The world data center for marine mammal, sea bird, and sea turtle distributions"",""onlink"":""http:\/\/www.tos.org\/oceanography\/article\/obis-seamap-the-world-data-center-for-marine-mammal-sea-bird-and-sea-turtle"",""serinfo"":{""sername"":""Oceanography"",""issue"":""22(2):104-115""}}}}]"			HumanObservation	-16.0			"[{""crossref"":{""citeinfo"":{""origin"":""Halpin, P.N., A.J. Read, E. Fujioka, B.D. Best, B. Donnelly, L.J. Hazen, C. Kot, K. Urian, E. LaBrecque, A. Dimatteo, J. Cleary, C. Good, L.B. Crowder, and K.D. Hyrenbach"",""pubdate"":""2009"",""title"":""OBIS-SEAMAP: The world data center for marine mammal, sea bird, and sea turtle distributions"",""onlink"":""http:\/\/www.tos.org\/oceanography\/article\/obis-seamap-the-world-data-center-for-marine-mammal-sea-bird-and-sea-turtle"",""serinfo"":{""sername"":""Oceanography"",""issue"":""22(2):104-115""}}}}]Halpin, P.N., A.J. Read, E. Fujioka, B.D. Best, B. Donnelly, L.J. Hazen, C. Kot, K. Urian, E. LaBrecque, A. Dimatteo, J. Cleary, C. Good, L.B. Crowder, and K.D. Hyrenbach. 2009. OBIS-SEAMAP: The world data center for marine mammal, sea bird, and sea turtle distributions. Oceanography 22(2):104-115"			1371_13	Mammalia	1837	1371			1e-06							1371	Marine mammal land surveys of 2015	2015-09-24	1443052800000	1443052800000	1443052800000	2015	24	36.845844	30.762567																2015-09-24					Phocidae	136976					POINT(30.762567 36.845844)					Monachus	137009	EPSG:4326							2015-09-24													Identification Type:Visual sighting				1							Pinnipedia	148736	Gnathostomata	1828		DMAD				Animalia	2							http://creativecommons.org/licenses/by-nc/4.0/								true							Tetrapoda	1831					2016-04-22 09:49:54	9							WoRMS LSID		1371_13	Visual; shore	present	Carnivora	2687										DMAD									Chordata			1821				1371_13			VU			DMAD					Monachus monachus	(Hermann, 1779)	urn:lsid:marinespecies.org:taxname:137081				151.0	Monachus monachus	137081	monachus	39.21	22.59			Theria	380416											Caniformia	254957	Vertebrata			146419																							Species	"Taxon recorded as ""Mediterranean Monk Seal"" by the provider"	valid			Event									2015-09-24 00:00:00								Mediterranean monk seal			Mediterranean		2015	Monachus monachus	[NO_DEPTH]	false	false
cd37f699-ba10-4212-8870-f5adc22c413e	86c8d35a-c40b-42e1-afb8-5a6f7d3192cf				137081	[243, 34280]				"[{""crossref"":{""citeinfo"":{""origin"":""Halpin, P.N., A.J. Read, E. Fujioka, B.D. Best, B. Donnelly, L.J. Hazen, C. Kot, K. Urian, E. LaBrecque, A. Dimatteo, J. Cleary, C. Good, L.B. Crowder, and K.D. Hyrenbach"",""pubdate"":""2009"",""title"":""OBIS-SEAMAP: The world data center for marine mammal, sea bird, and sea turtle distributions"",""onlink"":""http:\/\/www.tos.org\/oceanography\/article\/obis-seamap-the-world-data-center-for-marine-mammal-sea-bird-and-sea-turtle"",""serinfo"":{""sername"":""Oceanography"",""issue"":""22(2):104-115""}}}}]"			HumanObservation	-16.0			"[{""crossref"":{""citeinfo"":{""origin"":""Halpin, P.N., A.J. Read, E. Fujioka, B.D. Best, B. Donnelly, L.J. Hazen, C. Kot, K. Urian, E. LaBrecque, A. Dimatteo, J. Cleary, C. Good, L.B. Crowder, and K.D. Hyrenbach"",""pubdate"":""2009"",""title"":""OBIS-SEAMAP: The world data center for marine mammal, sea bird, and sea turtle distributions"",""onlink"":""http:\/\/www.tos.org\/oceanography\/article\/obis-seamap-the-world-data-center-for-marine-mammal-sea-bird-and-sea-turtle"",""serinfo"":{""sername"":""Oceanography"",""issue"":""22(2):104-115""}}}}]Halpin, P.N., A.J. Read, E. Fujioka, B.D. Best, B. Donnelly, L.J. Hazen, C. Kot, K. Urian, E. LaBrecque, A. Dimatteo, J. Cleary, C. Good, L.B. Crowder, and K.D. Hyrenbach. 2009. OBIS-SEAMAP: The world data center for marine mammal, sea bird, and sea turtle distributions. Oceanography 22(2):104-115"			1371_5	Mammalia	1837	1371			1e-06							1371	Marine mammal land surveys of 2015	2015-07-21	1437436800000	1437436800000	1437436800000	2015	21	36.846757	30.766002																2015-07-21					Phocidae	136976					POINT(30.766002 36.846757)					Monachus	137009	EPSG:4326							2015-07-21													Identification Type:Visual sighting				1							Pinnipedia	148736	Gnathostomata	1828		DMAD				Animalia	2							http://creativecommons.org/licenses/by-nc/4.0/								true							Tetrapoda	1831					2016-04-22 09:49:54	7							WoRMS LSID		1371_5	Visual; shore	present	Carnivora	2687										DMAD									Chordata			1821				1371_5			VU			DMAD					Monachus monachus	(Hermann, 1779)	urn:lsid:marinespecies.org:taxname:137081				82.0	Monachus monachus	137081	monachus	39.21	22.59			Theria	380416											Caniformia	254957	Vertebrata			146419																							Species	"Taxon recorded as ""Mediterranean Monk Seal"" by the provider"	valid			Event									2015-07-21 00:00:00								Mediterranean monk seal			Mediterranean		2015	Monachus monachus	[NO_DEPTH]	false	false
cd37f699-ba10-4212-8870-f5adc22c413e	84f10216-b891-491c-af12-cb364a82a8a7				137081	[243, 34280]				"[{""crossref"":{""citeinfo"":{""origin"":""Halpin, P.N., A.J. Read, E. Fujioka, B.D. Best, B. Donnelly, L.J. Hazen, C. Kot, K. Urian, E. LaBrecque, A. Dimatteo, J. Cleary, C. Good, L.B. Crowder, and K.D. Hyrenbach"",""pubdate"":""2009"",""title"":""OBIS-SEAMAP: The world data center for marine mammal, sea bird, and sea turtle distributions"",""onlink"":""http:\/\/www.tos.org\/oceanography\/article\/obis-seamap-the-world-data-center-for-marine-mammal-sea-bird-and-sea-turtle"",""serinfo"":{""sername"":""Oceanography"",""issue"":""22(2):104-115""}}}}]"			HumanObservation	-16.0			"[{""crossref"":{""citeinfo"":{""origin"":""Halpin, P.N., A.J. Read, E. Fujioka, B.D. Best, B. Donnelly, L.J. Hazen, C. Kot, K. Urian, E. LaBrecque, A. Dimatteo, J. Cleary, C. Good, L.B. Crowder, and K.D. Hyrenbach"",""pubdate"":""2009"",""title"":""OBIS-SEAMAP: The world data center for marine mammal, sea bird, and sea turtle distributions"",""onlink"":""http:\/\/www.tos.org\/oceanography\/article\/obis-seamap-the-world-data-center-for-marine-mammal-sea-bird-and-sea-turtle"",""serinfo"":{""sername"":""Oceanography"",""issue"":""22(2):104-115""}}}}]Halpin, P.N., A.J. Read, E. Fujioka, B.D. Best, B. Donnelly, L.J. Hazen, C. Kot, K. Urian, E. LaBrecque, A. Dimatteo, J. Cleary, C. Good, L.B. Crowder, and K.D. Hyrenbach. 2009. OBIS-SEAMAP: The world data center for marine mammal, sea bird, and sea turtle distributions. Oceanography 22(2):104-115"			1371_9	Mammalia	1837	1371			1e-06							1371	Marine mammal land surveys of 2015	2015-08-28	1440720000000	1440720000000	1440720000000	2015	28	36.845407	30.760501																2015-08-28					Phocidae	136976					POINT(30.760501 36.845407)					Monachus	137009	EPSG:4326							2015-08-28													Identification Type:Visual sighting				1							Pinnipedia	148736	Gnathostomata	1828		DMAD				Animalia	2							http://creativecommons.org/licenses/by-nc/4.0/								true							Tetrapoda	1831					2016-04-22 09:49:54	8							WoRMS LSID		1371_9	Visual; shore	present	Carnivora	2687										DMAD									Chordata			1821				1371_9			VU			DMAD					Monachus monachus	(Hermann, 1779)	urn:lsid:marinespecies.org:taxname:137081				32.0	Monachus monachus	137081	monachus	39.21	22.59			Theria	380416											Caniformia	254957	Vertebrata			146419																							Species	"Taxon recorded as ""Mediterranean Monk Seal"" by the provider"	valid			Event									2015-08-28 00:00:00								Mediterranean monk seal			Mediterranean		2015	Monachus monachus	[NO_DEPTH]	false	false
cd37f699-ba10-4212-8870-f5adc22c413e	44f45e93-85e0-4eeb-961c-03d86086cc4a				137081	[243, 34280]				"[{""crossref"":{""citeinfo"":{""origin"":""Halpin, P.N., A.J. Read, E. Fujioka, B.D. Best, B. Donnelly, L.J. Hazen, C. Kot, K. Urian, E. LaBrecque, A. Dimatteo, J. Cleary, C. Good, L.B. Crowder, and K.D. Hyrenbach"",""pubdate"":""2009"",""title"":""OBIS-SEAMAP: The world data center for marine mammal, sea bird, and sea turtle distributions"",""onlink"":""http:\/\/www.tos.org\/oceanography\/article\/obis-seamap-the-world-data-center-for-marine-mammal-sea-bird-and-sea-turtle"",""serinfo"":{""sername"":""Oceanography"",""issue"":""22(2):104-115""}}}}]"			HumanObservation	-32.0			"[{""crossref"":{""citeinfo"":{""origin"":""Halpin, P.N., A.J. Read, E. Fujioka, B.D. Best, B. Donnelly, L.J. Hazen, C. Kot, K. Urian, E. LaBrecque, A. Dimatteo, J. Cleary, C. Good, L.B. Crowder, and K.D. Hyrenbach"",""pubdate"":""2009"",""title"":""OBIS-SEAMAP: The world data center for marine mammal, sea bird, and sea turtle distributions"",""onlink"":""http:\/\/www.tos.org\/oceanography\/article\/obis-seamap-the-world-data-center-for-marine-mammal-sea-bird-and-sea-turtle"",""serinfo"":{""sername"":""Oceanography"",""issue"":""22(2):104-115""}}}}]Halpin, P.N., A.J. Read, E. Fujioka, B.D. Best, B. Donnelly, L.J. Hazen, C. Kot, K. Urian, E. LaBrecque, A. Dimatteo, J. Cleary, C. Good, L.B. Crowder, and K.D. Hyrenbach. 2009. OBIS-SEAMAP: The world data center for marine mammal, sea bird, and sea turtle distributions. Oceanography 22(2):104-115"			1371_2	Mammalia	1837	1371			1e-06							1371	Marine mammal land surveys of 2015	2015-06-03	1433289600000	1433289600000	1433289600000	2015	3	36.868399	30.716916																2015-06-03					Phocidae	136976					POINT(30.716916 36.868399)					Monachus	137009	EPSG:4326							2015-06-03													Identification Type:Visual sighting				1							Pinnipedia	148736	Gnathostomata	1828		DMAD				Animalia	2							http://creativecommons.org/licenses/by-nc/4.0/								true							Tetrapoda	1831					2016-04-22 09:49:54	6							WoRMS LSID		1371_2	Visual; shore	present	Carnivora	2687										DMAD									Chordata			1821				1371_2			VU			DMAD					Monachus monachus	(Hermann, 1779)	urn:lsid:marinespecies.org:taxname:137081				89.0	Monachus monachus	137081	monachus	39.21	22.57			Theria	380416											Caniformia	254957	Vertebrata			146419																							Species	"Taxon recorded as ""Mediterranean Monk Seal"" by the provider"	valid			Event									2015-06-03 00:00:00								Mediterranean monk seal			Mediterranean		2015	Monachus monachus	[NO_DEPTH]	false	false
cd37f699-ba10-4212-8870-f5adc22c413e	6446f4eb-71d6-4efc-9dc4-6eebcc98e18a				137081	[243, 34280]				"[{""crossref"":{""citeinfo"":{""origin"":""Halpin, P.N., A.J. Read, E. Fujioka, B.D. Best, B. Donnelly, L.J. Hazen, C. Kot, K. Urian, E. LaBrecque, A. Dimatteo, J. Cleary, C. Good, L.B. Crowder, and K.D. Hyrenbach"",""pubdate"":""2009"",""title"":""OBIS-SEAMAP: The world data center for marine mammal, sea bird, and sea turtle distributions"",""onlink"":""http:\/\/www.tos.org\/oceanography\/article\/obis-seamap-the-world-data-center-for-marine-mammal-sea-bird-and-sea-turtle"",""serinfo"":{""sername"":""Oceanography"",""issue"":""22(2):104-115""}}}}]"			HumanObservation	-20.6			"[{""crossref"":{""citeinfo"":{""origin"":""Halpin, P.N., A.J. Read, E. Fujioka, B.D. Best, B. Donnelly, L.J. Hazen, C. Kot, K. Urian, E. LaBrecque, A. Dimatteo, J. Cleary, C. Good, L.B. Crowder, and K.D. Hyrenbach"",""pubdate"":""2009"",""title"":""OBIS-SEAMAP: The world data center for marine mammal, sea bird, and sea turtle distributions"",""onlink"":""http:\/\/www.tos.org\/oceanography\/article\/obis-seamap-the-world-data-center-for-marine-mammal-sea-bird-and-sea-turtle"",""serinfo"":{""sername"":""Oceanography"",""issue"":""22(2):104-115""}}}}]Halpin, P.N., A.J. Read, E. Fujioka, B.D. Best, B. Donnelly, L.J. Hazen, C. Kot, K. Urian, E. LaBrecque, A. Dimatteo, J. Cleary, C. Good, L.B. Crowder, and K.D. Hyrenbach. 2009. OBIS-SEAMAP: The world data center for marine mammal, sea bird, and sea turtle distributions. Oceanography 22(2):104-115"			1371_8	Mammalia	1837	1371			1e-06							1371	Marine mammal land surveys of 2015	2015-08-28	1440720000000	1440720000000	1440720000000	2015	28	36.845781	30.769369																2015-08-28					Phocidae	136976					POINT(30.769369 36.845781)					Monachus	137009	EPSG:4326							2015-08-28													Identification Type:Visual sighting				2							Pinnipedia	148736	Gnathostomata	1828		DMAD				Animalia	2							http://creativecommons.org/licenses/by-nc/4.0/								true							Tetrapoda	1831					2016-04-22 09:49:54	8							WoRMS LSID		1371_8	Visual; shore	present	Carnivora	2687										DMAD									Chordata			1821				1371_8			VU			DMAD					Monachus monachus	(Hermann, 1779)	urn:lsid:marinespecies.org:taxname:137081				203.0	Monachus monachus	137081	monachus	39.21	22.59			Theria	380416											Caniformia	254957	Vertebrata			146419																							Species	"Taxon recorded as ""Mediterranean Monk Seal"" by the provider"	valid			Event									2015-08-28 00:00:00								Mediterranean monk seal			Mediterranean		2015	Monachus monachus	[NO_DEPTH]	false	false
cd37f699-ba10-4212-8870-f5adc22c413e	1ce936e3-e861-4c68-b599-f6401489bf9b				137081	[243, 34280]				"[{""crossref"":{""citeinfo"":{""origin"":""Halpin, P.N., A.J. Read, E. Fujioka, B.D. Best, B. Donnelly, L.J. Hazen, C. Kot, K. Urian, E. LaBrecque, A. Dimatteo, J. Cleary, C. Good, L.B. Crowder, and K.D. Hyrenbach"",""pubdate"":""2009"",""title"":""OBIS-SEAMAP: The world data center for marine mammal, sea bird, and sea turtle distributions"",""onlink"":""http:\/\/www.tos.org\/oceanography\/article\/obis-seamap-the-world-data-center-for-marine-mammal-sea-bird-and-sea-turtle"",""serinfo"":{""sername"":""Oceanography"",""issue"":""22(2):104-115""}}}}]"			HumanObservation	-15.6			"[{""crossref"":{""citeinfo"":{""origin"":""Halpin, P.N., A.J. Read, E. Fujioka, B.D. Best, B. Donnelly, L.J. Hazen, C. Kot, K. Urian, E. LaBrecque, A. Dimatteo, J. Cleary, C. Good, L.B. Crowder, and K.D. Hyrenbach"",""pubdate"":""2009"",""title"":""OBIS-SEAMAP: The world data center for marine mammal, sea bird, and sea turtle distributions"",""onlink"":""http:\/\/www.tos.org\/oceanography\/article\/obis-seamap-the-world-data-center-for-marine-mammal-sea-bird-and-sea-turtle"",""serinfo"":{""sername"":""Oceanography"",""issue"":""22(2):104-115""}}}}]Halpin, P.N., A.J. Read, E. Fujioka, B.D. Best, B. Donnelly, L.J. Hazen, C. Kot, K. Urian, E. LaBrecque, A. Dimatteo, J. Cleary, C. Good, L.B. Crowder, and K.D. Hyrenbach. 2009. OBIS-SEAMAP: The world data center for marine mammal, sea bird, and sea turtle distributions. Oceanography 22(2):104-115"			1371_3	Mammalia	1837	1371			1e-06							1371	Marine mammal land surveys of 2015	2015-06-09	1433808000000	1433808000000	1433808000000	2015	9	36.872549	30.71037																2015-06-09					Phocidae	136976					POINT(30.71037 36.872549)					Monachus	137009	EPSG:4326							2015-06-09													Identification Type:Visual sighting				1							Pinnipedia	148736	Gnathostomata	1828		DMAD				Animalia	2							http://creativecommons.org/licenses/by-nc/4.0/								true							Tetrapoda	1831					2016-04-22 09:49:54	6							WoRMS LSID		1371_3	Visual; shore	present	Carnivora	2687										DMAD									Chordata			1821				1371_3			VU			DMAD					Monachus monachus	(Hermann, 1779)	urn:lsid:marinespecies.org:taxname:137081				175.0	Monachus monachus	137081	monachus	39.21	22.57			Theria	380416											Caniformia	254957	Vertebrata			146419																							Species	"Taxon recorded as ""Mediterranean Monk Seal"" by the provider"	valid			Event									2015-06-09 00:00:00								Mediterranean monk seal			Mediterranean		2015	Monachus monachus	[NO_DEPTH]	false	false
cd37f699-ba10-4212-8870-f5adc22c413e	f1880b09-7aec-41fc-9d94-94004ca34f63				137081	[243, 34280]				"[{""crossref"":{""citeinfo"":{""origin"":""Halpin, P.N., A.J. Read, E. Fujioka, B.D. Best, B. Donnelly, L.J. Hazen, C. Kot, K. Urian, E. LaBrecque, A. Dimatteo, J. Cleary, C. Good, L.B. Crowder, and K.D. Hyrenbach"",""pubdate"":""2009"",""title"":""OBIS-SEAMAP: The world data center for marine mammal, sea bird, and sea turtle distributions"",""onlink"":""http:\/\/www.tos.org\/oceanography\/article\/obis-seamap-the-world-data-center-for-marine-mammal-sea-bird-and-sea-turtle"",""serinfo"":{""sername"":""Oceanography"",""issue"":""22(2):104-115""}}}}]"			HumanObservation	-32.0			"[{""crossref"":{""citeinfo"":{""origin"":""Halpin, P.N., A.J. Read, E. Fujioka, B.D. Best, B. Donnelly, L.J. Hazen, C. Kot, K. Urian, E. LaBrecque, A. Dimatteo, J. Cleary, C. Good, L.B. Crowder, and K.D. Hyrenbach"",""pubdate"":""2009"",""title"":""OBIS-SEAMAP: The world data center for marine mammal, sea bird, and sea turtle distributions"",""onlink"":""http:\/\/www.tos.org\/oceanography\/article\/obis-seamap-the-world-data-center-for-marine-mammal-sea-bird-and-sea-turtle"",""serinfo"":{""sername"":""Oceanography"",""issue"":""22(2):104-115""}}}}]Halpin, P.N., A.J. Read, E. Fujioka, B.D. Best, B. Donnelly, L.J. Hazen, C. Kot, K. Urian, E. LaBrecque, A. Dimatteo, J. Cleary, C. Good, L.B. Crowder, and K.D. Hyrenbach. 2009. OBIS-SEAMAP: The world data center for marine mammal, sea bird, and sea turtle distributions. Oceanography 22(2):104-115"			1371_1	Mammalia	1837	1371			1e-06							1371	Marine mammal land surveys of 2015	2015-04-06	1428278400000	1428278400000	1428278400000	2015	6	36.868358	30.717608																2015-04-06					Phocidae	136976					POINT(30.717608 36.868358)					Monachus	137009	EPSG:4326							2015-04-06													Identification Type:Visual sighting				1							Pinnipedia	148736	Gnathostomata	1828		DMAD				Animalia	2							http://creativecommons.org/licenses/by-nc/4.0/								true							Tetrapoda	1831					2016-04-22 09:49:54	4							WoRMS LSID		1371_1	Visual; shore	present	Carnivora	2687										DMAD									Chordata			1821				1371_1			VU			DMAD					Monachus monachus	(Hermann, 1779)	urn:lsid:marinespecies.org:taxname:137081				54.0	Monachus monachus	137081	monachus	39.21	22.57			Theria	380416											Caniformia	254957	Vertebrata			146419																							Species	"Taxon recorded as ""Mediterranean Monk Seal"" by the provider"	valid			Event									2015-04-06 00:00:00								Mediterranean monk seal			Mediterranean		2015	Monachus monachus	[NO_DEPTH]	false	false
cd37f699-ba10-4212-8870-f5adc22c413e	49cd8558-6ce9-4a0c-b7b8-168cfc507220				137081	[243, 40026, 34280]				"[{""crossref"":{""citeinfo"":{""origin"":""Halpin, P.N., A.J. Read, E. Fujioka, B.D. Best, B. Donnelly, L.J. Hazen, C. Kot, K. Urian, E. LaBrecque, A. Dimatteo, J. Cleary, C. Good, L.B. Crowder, and K.D. Hyrenbach"",""pubdate"":""2009"",""title"":""OBIS-SEAMAP: The world data center for marine mammal, sea bird, and sea turtle distributions"",""onlink"":""http:\/\/www.tos.org\/oceanography\/article\/obis-seamap-the-world-data-center-for-marine-mammal-sea-bird-and-sea-turtle"",""serinfo"":{""sername"":""Oceanography"",""issue"":""22(2):104-115""}}}}]"			HumanObservation	-11.0			"[{""crossref"":{""citeinfo"":{""origin"":""Halpin, P.N., A.J. Read, E. Fujioka, B.D. Best, B. Donnelly, L.J. Hazen, C. Kot, K. Urian, E. LaBrecque, A. Dimatteo, J. Cleary, C. Good, L.B. Crowder, and K.D. Hyrenbach"",""pubdate"":""2009"",""title"":""OBIS-SEAMAP: The world data center for marine mammal, sea bird, and sea turtle distributions"",""onlink"":""http:\/\/www.tos.org\/oceanography\/article\/obis-seamap-the-world-data-center-for-marine-mammal-sea-bird-and-sea-turtle"",""serinfo"":{""sername"":""Oceanography"",""issue"":""22(2):104-115""}}}}]Halpin, P.N., A.J. Read, E. Fujioka, B.D. Best, B. Donnelly, L.J. Hazen, C. Kot, K. Urian, E. LaBrecque, A. Dimatteo, J. Cleary, C. Good, L.B. Crowder, and K.D. Hyrenbach. 2009. OBIS-SEAMAP: The world data center for marine mammal, sea bird, and sea turtle distributions. Oceanography 22(2):104-115"			1371_4	Mammalia	1837	1371			1e-06							1371	Marine mammal land surveys of 2015	2015-07-14	1436832000000	1436832000000	1436832000000	2015	14	36.844051	30.758193																2015-07-14					Phocidae	136976					POINT(30.758193 36.844051)					Monachus	137009	EPSG:4326							2015-07-14													Identification Type:Visual sighting				1							Pinnipedia	148736	Gnathostomata	1828		DMAD				Animalia	2							http://creativecommons.org/licenses/by-nc/4.0/								true							Tetrapoda	1831					2016-04-22 09:49:54	7							WoRMS LSID		1371_4	Visual; shore	present	Carnivora	2687										DMAD									Chordata			1821				1371_4			VU			DMAD					Monachus monachus	(Hermann, 1779)	urn:lsid:marinespecies.org:taxname:137081				158.0	Monachus monachus	137081	monachus	39.21	22.59			Theria	380416											Caniformia	254957	Vertebrata			146419																							Species	"Taxon recorded as ""Mediterranean Monk Seal"" by the provider"	valid			Event									2015-07-14 00:00:00								Mediterranean monk seal			Mediterranean		2015	Monachus monachus	[NO_DEPTH]	false	false
cd37f699-ba10-4212-8870-f5adc22c413e	99ee0de4-f151-46dc-a083-f6401cf24e44				137081	[243, 40026, 34280]				"[{""crossref"":{""citeinfo"":{""origin"":""Halpin, P.N., A.J. Read, E. Fujioka, B.D. Best, B. Donnelly, L.J. Hazen, C. Kot, K. Urian, E. LaBrecque, A. Dimatteo, J. Cleary, C. Good, L.B. Crowder, and K.D. Hyrenbach"",""pubdate"":""2009"",""title"":""OBIS-SEAMAP: The world data center for marine mammal, sea bird, and sea turtle distributions"",""onlink"":""http:\/\/www.tos.org\/oceanography\/article\/obis-seamap-the-world-data-center-for-marine-mammal-sea-bird-and-sea-turtle"",""serinfo"":{""sername"":""Oceanography"",""issue"":""22(2):104-115""}}}}]"			HumanObservation	-4.6			"[{""crossref"":{""citeinfo"":{""origin"":""Halpin, P.N., A.J. Read, E. Fujioka, B.D. Best, B. Donnelly, L.J. Hazen, C. Kot, K. Urian, E. LaBrecque, A. Dimatteo, J. Cleary, C. Good, L.B. Crowder, and K.D. Hyrenbach"",""pubdate"":""2009"",""title"":""OBIS-SEAMAP: The world data center for marine mammal, sea bird, and sea turtle distributions"",""onlink"":""http:\/\/www.tos.org\/oceanography\/article\/obis-seamap-the-world-data-center-for-marine-mammal-sea-bird-and-sea-turtle"",""serinfo"":{""sername"":""Oceanography"",""issue"":""22(2):104-115""}}}}]Halpin, P.N., A.J. Read, E. Fujioka, B.D. Best, B. Donnelly, L.J. Hazen, C. Kot, K. Urian, E. LaBrecque, A. Dimatteo, J. Cleary, C. Good, L.B. Crowder, and K.D. Hyrenbach. 2009. OBIS-SEAMAP: The world data center for marine mammal, sea bird, and sea turtle distributions. Oceanography 22(2):104-115"			1371_10	Mammalia	1837	1371			1e-06							1371	Marine mammal land surveys of 2015	2015-09-03	1441238400000	1441238400000	1441238400000	2015	3	36.863364	30.716302																2015-09-03					Phocidae	136976					POINT(30.716302 36.863364)					Monachus	137009	EPSG:4326							2015-09-03													Identification Type:Visual sighting				1							Pinnipedia	148736	Gnathostomata	1828		DMAD				Animalia	2							http://creativecommons.org/licenses/by-nc/4.0/								true							Tetrapoda	1831					2016-04-22 09:49:54	9							WoRMS LSID		1371_10	Visual; shore	present	Carnivora	2687										DMAD									Chordata			1821				1371_10			VU			DMAD					Monachus monachus	(Hermann, 1779)	urn:lsid:marinespecies.org:taxname:137081				516.0	Monachus monachus	137081	monachus	39.21	22.57			Theria	380416											Caniformia	254957	Vertebrata			146419																							Species	"Taxon recorded as ""Mediterranean Monk Seal"" by the provider"	valid			Event									2015-09-03 00:00:00								Mediterranean monk seal			Mediterranean		2015	Monachus monachus	[NO_DEPTH]	false	false
cd37f699-ba10-4212-8870-f5adc22c413e	b38b0827-f326-4502-bdbc-8eeef045d368				137081	[243, 34280]				"[{""crossref"":{""citeinfo"":{""origin"":""Halpin, P.N., A.J. Read, E. Fujioka, B.D. Best, B. Donnelly, L.J. Hazen, C. Kot, K. Urian, E. LaBrecque, A. Dimatteo, J. Cleary, C. Good, L.B. Crowder, and K.D. Hyrenbach"",""pubdate"":""2009"",""title"":""OBIS-SEAMAP: The world data center for marine mammal, sea bird, and sea turtle distributions"",""onlink"":""http:\/\/www.tos.org\/oceanography\/article\/obis-seamap-the-world-data-center-for-marine-mammal-sea-bird-and-sea-turtle"",""serinfo"":{""sername"":""Oceanography"",""issue"":""22(2):104-115""}}}}]"			HumanObservation	-32.0			"[{""crossref"":{""citeinfo"":{""origin"":""Halpin, P.N., A.J. Read, E. Fujioka, B.D. Best, B. Donnelly, L.J. Hazen, C. Kot, K. Urian, E. LaBrecque, A. Dimatteo, J. Cleary, C. Good, L.B. Crowder, and K.D. Hyrenbach"",""pubdate"":""2009"",""title"":""OBIS-SEAMAP: The world data center for marine mammal, sea bird, and sea turtle distributions"",""onlink"":""http:\/\/www.tos.org\/oceanography\/article\/obis-seamap-the-world-data-center-for-marine-mammal-sea-bird-and-sea-turtle"",""serinfo"":{""sername"":""Oceanography"",""issue"":""22(2):104-115""}}}}]Halpin, P.N., A.J. Read, E. Fujioka, B.D. Best, B. Donnelly, L.J. Hazen, C. Kot, K. Urian, E. LaBrecque, A. Dimatteo, J. Cleary, C. Good, L.B. Crowder, and K.D. Hyrenbach. 2009. OBIS-SEAMAP: The world data center for marine mammal, sea bird, and sea turtle distributions. Oceanography 22(2):104-115"			1371_12	Mammalia	1837	1371			1e-06							1371	Marine mammal land surveys of 2015	2015-09-17	1442448000000	1442448000000	1442448000000	2015	17	36.867132	30.718574																2015-09-17					Phocidae	136976					POINT(30.718574 36.867132)					Monachus	137009	EPSG:4326							2015-09-17													Identification Type:Visual sighting				1							Pinnipedia	148736	Gnathostomata	1828		DMAD				Animalia	2							http://creativecommons.org/licenses/by-nc/4.0/								true							Tetrapoda	1831					2016-04-22 09:49:54	9							WoRMS LSID		1371_12	Visual; shore	present	Carnivora	2687										DMAD									Chordata			1821				1371_12			VU			DMAD					Monachus monachus	(Hermann, 1779)	urn:lsid:marinespecies.org:taxname:137081				57.0	Monachus monachus	137081	monachus	39.21	22.57			Theria	380416											Caniformia	254957	Vertebrata			146419																							Species	"Taxon recorded as ""Mediterranean Monk Seal"" by the provider"	valid			Event									2015-09-17 00:00:00								Mediterranean monk seal			Mediterranean		2015	Monachus monachus	[NO_DEPTH]	false	false
cd37f699-ba10-4212-8870-f5adc22c413e	62495c5b-49d9-4c71-a4d1-69f55bddc266				137081	[243, 40026, 34280]				"[{""crossref"":{""citeinfo"":{""origin"":""Halpin, P.N., A.J. Read, E. Fujioka, B.D. Best, B. Donnelly, L.J. Hazen, C. Kot, K. Urian, E. LaBrecque, A. Dimatteo, J. Cleary, C. Good, L.B. Crowder, and K.D. Hyrenbach"",""pubdate"":""2009"",""title"":""OBIS-SEAMAP: The world data center for marine mammal, sea bird, and sea turtle distributions"",""onlink"":""http:\/\/www.tos.org\/oceanography\/article\/obis-seamap-the-world-data-center-for-marine-mammal-sea-bird-and-sea-turtle"",""serinfo"":{""sername"":""Oceanography"",""issue"":""22(2):104-115""}}}}]"			HumanObservation	52.0			"[{""crossref"":{""citeinfo"":{""origin"":""Halpin, P.N., A.J. Read, E. Fujioka, B.D. Best, B. Donnelly, L.J. Hazen, C. Kot, K. Urian, E. LaBrecque, A. Dimatteo, J. Cleary, C. Good, L.B. Crowder, and K.D. Hyrenbach"",""pubdate"":""2009"",""title"":""OBIS-SEAMAP: The world data center for marine mammal, sea bird, and sea turtle distributions"",""onlink"":""http:\/\/www.tos.org\/oceanography\/article\/obis-seamap-the-world-data-center-for-marine-mammal-sea-bird-and-sea-turtle"",""serinfo"":{""sername"":""Oceanography"",""issue"":""22(2):104-115""}}}}]Halpin, P.N., A.J. Read, E. Fujioka, B.D. Best, B. Donnelly, L.J. Hazen, C. Kot, K. Urian, E. LaBrecque, A. Dimatteo, J. Cleary, C. Good, L.B. Crowder, and K.D. Hyrenbach. 2009. OBIS-SEAMAP: The world data center for marine mammal, sea bird, and sea turtle distributions. Oceanography 22(2):104-115"			1371_14	Mammalia	1837	1371			1e-06							1371	Marine mammal land surveys of 2015	2015-09-28	1443398400000	1443398400000	1443398400000	2015	28	36.389119	30.496578																2015-09-28					Phocidae	136976					POINT(30.496578 36.389119)					Monachus	137009	EPSG:4326							2015-09-28													Identification Type:Visual sighting				1							Pinnipedia	148736	Gnathostomata	1828		DMAD				Animalia	2							http://creativecommons.org/licenses/by-nc/4.0/								true							Tetrapoda	1831					2016-04-22 09:49:54	9							WoRMS LSID		1371_14	Visual; shore	present	Carnivora	2687										DMAD									Chordata			1821				1371_14			VU			DMAD					Monachus monachus	(Hermann, 1779)	urn:lsid:marinespecies.org:taxname:137081				806.0	Monachus monachus	137081	monachus	39.23	22.5			Theria	380416											Caniformia	254957	Vertebrata			146419																							Species	"Taxon recorded as ""Mediterranean Monk Seal"" by the provider"	valid			Event									2015-09-28 00:00:00								Mediterranean monk seal			Mediterranean		2015	Monachus monachus	[NO_DEPTH]	false	false
3f871238-07df-4757-a790-aeb866ba9eed	4c2076a0-5ef4-4b1f-a566-96588e9a3f05				137081	[194, 196]							HumanObservation	66.0						CIIMAR-CETUS-1398	Mammalia	1837	CETUS: Cetacean monitoring surveys in the Eastern North Atlantic				50.0						https://marineinfo.org/id/dataset/6202	CETUS: Cetacean monitoring surveys in the Eastern North Atlantic		1410825600000	1410825600000	1410825600000	2014	16	32.73645	-16.73321																2014-09-16	Madeira:Cruise-061:Pos-1318-OO	position			Phocidae	136976		assoc51141001	EPSG:4326		MULTIPOINT ( (-16.73 32.74),  (-8.7 41.19))					Monachus	137009																																Pinnipedia	148736	Gnathostomata	1828						Animalia	2															true							Tetrapoda	1831					2022-05-09 15:29:06	9									CIIMAR-CETUS-1398		present	Carnivora	2687											Madeira:Cruise-061								Chordata			1821					"#011 | #014"		VU						58.51 km	Visual observation from vessel	Monachus monachus		urn:lsid:marinespecies.org:taxname:137081				15.0	Monachus monachus	137081		36.73	20.56			Theria	380416											Caniformia	254957	Vertebrata			146419																																																Atlantic Ocean		2014	Monachus monachus	[NO_DEPTH]	false	false
86453e9e-24f5-47b1-b442-b6f86a9979b7	3ba20570-fa63-4000-a903-78faa52b0cbf				137081	[194, 196, 31912]							HumanObservation	67.5						210070676_210070676_210070679_210596088	Mammalia	1837	European Seabirds At Sea (ESAS)										https://marineinfo.org/id/dataset/3117	European Seabirds At Sea (ESAS)		1253059200000	1253059200000	1253059200000	2009	16	32.4805	-16.5049																2009-09-16T09:31:00+00:00	210070676_210070676_210070679	subSample	09:31:00+00:00		Phocidae	136976			EPSG:4326							Monachus	137009	EPSG:4326																								1.0							Pinnipedia	148736	Gnathostomata	1828						Animalia	2															true							Tetrapoda	1831					2025-02-21 12:32:28	9									210070676_210070676_210070679_210596088		present	Carnivora	2687											210070676_210070676								Chordata			1821							VU								Monachus monachus		urn:lsid:marinespecies.org:taxname:137081				958.0	Monachus monachus	137081		36.74	20.63			Theria	380416											Caniformia	254957	Vertebrata			146419																																																		2009	Monachus monachus	[NO_DEPTH]	false	false
